{
  "totalWriteTimeMs": 14711,
  "totalReadTimeMs": 15609,
  "totalGasUsed": "1823715993",
  "numberOfChunks": 640,
  "averageWriteTimePerChunkMs": 22.9859375,
  "averageReadTimePerChunkMs": 24.3890625,
  "averageGasPerChunk": "2849556",
  "timestamp": "2024-11-01T06:48:40.140Z",
  "chunkSize": 16384,
  "totalSize": 10485760
}